{"accuracy": [0.6171420216560364, 0.8617398142814636, 0.9131232500076294, 0.9382032752037048, 0.9536382555961609, 0.9642364382743835, 0.9696279764175415, 0.9751049280166626, 0.9777224659919739, 0.9825592041015625], "loss": [1.297087550163269, 0.43707799911499023, 0.26841604709625244, 0.18785756826400757, 0.1404562145471573, 0.10840282589197159, 0.09190963208675385, 0.0757649689912796, 0.06794236600399017, 0.05428246781229973], "val_accuracy": [0.8641588687896729, 0.9205554127693176, 0.9239699244499207, 0.9425221681594849, 0.9504324793815613, 0.955895721912384, 0.9570908546447754, 0.9612451791763306, 0.9663100242614746, 0.9353516697883606], "val_loss": [0.43345531821250916, 0.24654164910316467, 0.24264030158519745, 0.181858628988266, 0.15505899488925934, 0.1373041868209839, 0.13880592584609985, 0.12667813897132874, 0.11055620014667511, 0.2391657531261444]}